{"450": {"cut1": 0.6984294430309518, "cut2": 0.4984294430309518, "FHSL_highpurity": 0.000630629406729133, "FHSL_lowpurity": 0.0036496275820519096, "BBGG_highpurity": 6.140596522556697e-05, "BBGG_lowpurity": 0.0030199916013753537, "ZZGG_highpurity": 8.735781933759843e-07, "ZZGG_lowpurity": 0.00050075300974845}}